<?xml version="1.0"?>
<doc>
    <assembly>
        <name>MvcExtensions.StructureMap</name>
    </assembly>
    <members>
        <member name="T:MvcExtensions.StructureMap.StructureMapMvcApplication">
            <summary>
            Defines a <see cref="T:System.Web.HttpApplication"/> which uses <seealso cref="T:MvcExtensions.StructureMap.StructureMapBootstrapper"/>.
            </summary>
        </member>
        <member name="M:MvcExtensions.StructureMap.StructureMapMvcApplication.CreateBootstrapper">
            <summary>
            Creates the bootstrapper.
            </summary>
            <returns></returns>
        </member>
        <member name="T:MvcExtensions.StructureMap.StructureMapBootstrapper">
            <summary>
            Defines a <seealso cref="T:MvcExtensions.Bootstrapper">Bootstrapper</seealso> which is backed by <seealso cref="T:MvcExtensions.StructureMap.StructureMapAdapter"/>.
            </summary>
        </member>
        <member name="M:MvcExtensions.StructureMap.StructureMapBootstrapper.#ctor(MvcExtensions.IBuildManager)">
            <summary>
            Initializes a new instance of the <see cref="T:MvcExtensions.StructureMap.StructureMapBootstrapper"/> class.
            </summary>
            <param name="buildManager">The build manager.</param>
        </member>
        <member name="M:MvcExtensions.StructureMap.StructureMapBootstrapper.CreateAdapter">
            <summary>
            Creates the container adapter.
            </summary>
            <returns></returns>
        </member>
        <member name="M:MvcExtensions.StructureMap.StructureMapBootstrapper.LoadModules">
            <summary>
            Loads the container specific modules.
            </summary>
        </member>
        <member name="T:MvcExtensions.StructureMap.StructureMapAdapter">
            <summary>
            Defines an adapter class which is backed by StructureMap <seealso cref="T:StructureMap.IContainer">Container</seealso>.
            </summary>
        </member>
        <member name="M:MvcExtensions.StructureMap.StructureMapAdapter.#ctor(StructureMap.IContainer)">
            <summary>
            Initializes a new instance of the <see cref="T:MvcExtensions.StructureMap.StructureMapAdapter"/> class.
            </summary>
            <param name="container">The container.</param>
        </member>
        <member name="M:MvcExtensions.StructureMap.StructureMapAdapter.RegisterType(System.String,System.Type,System.Type,MvcExtensions.LifetimeType)">
            <summary>
            Registers the type.
            </summary>
            <param name="key">The key.</param>
            <param name="serviceType">Type of the service.</param>
            <param name="implementationType">Type of the implementation.</param>
            <param name="lifetime">The lifetime of the service.</param>
            <returns></returns>
        </member>
        <member name="M:MvcExtensions.StructureMap.StructureMapAdapter.RegisterInstance(System.String,System.Type,System.Object)">
            <summary>
            Registers the instance.
            </summary>
            <param name="key">The key.</param>
            <param name="serviceType">Type of the service.</param>
            <param name="instance">The instance.</param>
            <returns></returns>
        </member>
        <member name="M:MvcExtensions.StructureMap.StructureMapAdapter.Inject(System.Object)">
            <summary>
            Injects the matching dependences.
            </summary>
            <param name="instance">The instance.</param>
        </member>
        <member name="M:MvcExtensions.StructureMap.StructureMapAdapter.DoGetInstance(System.Type,System.String)">
            <summary>
            Gets the matching instance for the given type and key.
            </summary>
            <param name="serviceType">Type of the service.</param>
            <param name="key">The key.</param>
            <returns></returns>
        </member>
        <member name="M:MvcExtensions.StructureMap.StructureMapAdapter.DoGetAllInstances(System.Type)">
            <summary>
            Gets all the instances for the given type.
            </summary>
            <param name="serviceType">Type of the service.</param>
            <returns></returns>
        </member>
        <member name="P:MvcExtensions.StructureMap.StructureMapAdapter.Container">
            <summary>
            Gets the container.
            </summary>
            <value>The container.</value>
        </member>
    </members>
</doc>
