<?xml version="1.0"?>
<doc>
    <assembly>
        <name>MvcExtensions.Autofac</name>
    </assembly>
    <members>
        <member name="T:MvcExtensions.Autofac.AutofacAdapter">
            <summary>
            Defines an adapter class which is backed by Autofac <seealso cref="P:MvcExtensions.Autofac.AutofacAdapter.Container">Container</seealso>.
            </summary>
        </member>
        <member name="M:MvcExtensions.Autofac.AutofacAdapter.#ctor(Autofac.ILifetimeScope)">
            <summary>
            Initializes a new instance of the <see cref="T:MvcExtensions.Autofac.AutofacAdapter"/> class.
            </summary>
            <param name="container">The container.</param>
        </member>
        <member name="M:MvcExtensions.Autofac.AutofacAdapter.Finalize">
            <summary>
            Releases unmanaged resources and performs other cleanup operations before the
            <see cref="T:MvcExtensions.Autofac.AutofacAdapter"/> is reclaimed by garbage collection.
            </summary>
        </member>
        <member name="M:MvcExtensions.Autofac.AutofacAdapter.Dispose">
            <summary>
            Performs application-defined tasks associated with freeing, releasing, or resetting unmanaged resources.
            </summary>
        </member>
        <member name="M:MvcExtensions.Autofac.AutofacAdapter.RegisterType(System.String,System.Type,System.Type,MvcExtensions.LifetimeType)">
            <summary>
            Registers the service and its implementation with the lifetime behavior.
            </summary>
            <param name="key">The key.</param>
            <param name="serviceType">Type of the service.</param>
            <param name="implementationType">Type of the implementation.</param>
            <param name="lifetime">The lifetime of the service.</param>
            <returns></returns>
        </member>
        <member name="M:MvcExtensions.Autofac.AutofacAdapter.RegisterInstance(System.String,System.Type,System.Object)">
            <summary>
            Registers the instance as singleton.
            </summary>
            <param name="key">The key.</param>
            <param name="serviceType">Type of the service.</param>
            <param name="instance">The instance.</param>
            <returns></returns>
        </member>
        <member name="M:MvcExtensions.Autofac.AutofacAdapter.Inject(System.Object)">
            <summary>
            Injects the matching dependences.
            </summary>
            <param name="instance">The instance.</param>
        </member>
        <member name="M:MvcExtensions.Autofac.AutofacAdapter.DoGetInstance(System.Type,System.String)">
            <summary>
            Gets the matching instance for the given type and key.
            </summary>
            <param name="serviceType">Type of the service.</param>
            <param name="key">The key.</param>
            <returns></returns>
        </member>
        <member name="M:MvcExtensions.Autofac.AutofacAdapter.DoGetAllInstances(System.Type)">
            <summary>
            Gets all the instances for the given type.
            </summary>
            <param name="serviceType">Type of the service.</param>
            <returns></returns>
        </member>
        <member name="M:MvcExtensions.Autofac.AutofacAdapter.Dispose(System.Boolean)">
            <summary>
            Releases unmanaged and - optionally - managed resources
            </summary>
            <param name="disposing"><c>true</c> to release both managed and unmanaged resources; <c>false</c> to release only unmanaged resources.</param>
        </member>
        <member name="M:MvcExtensions.Autofac.AutofacAdapter.MvcExtensions#IFluentSyntax#GetType">
            <summary>
            Defines an adapter class which is backed by Autofac <seealso cref="P:MvcExtensions.Autofac.AutofacAdapter.Container">Container</seealso>.
            </summary>
        </member>
        <member name="P:MvcExtensions.Autofac.AutofacAdapter.Container">
            <summary>
            Gets the container.
            </summary>
            <value>The container.</value>
        </member>
        <member name="T:MvcExtensions.Autofac.AutofacBootstrapper">
            <summary>
            Defines a <seealso cref="T:MvcExtensions.Bootstrapper">Bootstrapper</seealso> which is backed by <seealso cref="T:MvcExtensions.Autofac.AutofacAdapter"/>.
            </summary>
        </member>
        <member name="M:MvcExtensions.Autofac.AutofacBootstrapper.#ctor(MvcExtensions.IBuildManager)">
            <summary>
            Initializes a new instance of the <see cref="T:MvcExtensions.Autofac.AutofacBootstrapper"/> class.
            </summary>
            <param name="buildManager">The build manager.</param>
        </member>
        <member name="M:MvcExtensions.Autofac.AutofacBootstrapper.CreateServiceLocator">
            <summary>
            Creates the service locator.
            </summary>
            <returns></returns>
        </member>
        <member name="M:MvcExtensions.Autofac.AutofacBootstrapper.LoadModules">
            <summary>
            Loads the container specific modules.
            </summary>
        </member>
        <member name="T:MvcExtensions.Autofac.AutofacMvcApplication">
            <summary>
            Defines a <see cref="T:System.Web.HttpApplication"/> which is uses <seealso cref="T:MvcExtensions.Autofac.AutofacBootstrapper"/>.
            </summary>
        </member>
        <member name="M:MvcExtensions.Autofac.AutofacMvcApplication.CreateBootstrapper">
            <summary>
            Creates the bootstrapper.
            </summary>
            <returns></returns>
        </member>
        <member name="M:MvcExtensions.Autofac.AutofacMvcApplication.OnStart">
            <summary>
            Executes when the application starts.
            </summary>
        </member>
        <member name="M:MvcExtensions.Autofac.AutofacMvcApplication.OnPerRequestTasksDisposed">
            <summary>
            Executes after the registered <see cref="T:MvcExtensions.IPerRequestTask"/> disposes.
            </summary>
        </member>
        <member name="T:Autofac.PerRequestScopedRegistration">
            <summary>
            Extends registration syntax for per web request scenario.
            </summary>
        </member>
        <member name="M:Autofac.PerRequestScopedRegistration.PerRequestScoped``3(Autofac.Builder.IRegistrationBuilder{``0,``1,``2})">
            <summary>
            Share one instance of the component within the context of a single
            HTTP request.
            </summary>
            <typeparam name="TLimit">Registration limit type.</typeparam>
            <typeparam name="TStyle">Registration style.</typeparam>
            <typeparam name="TActivatorData">Activator data type.</typeparam>
            <param name="registration">The registration to configure.</param>
            <returns>A registration builder allowing further configuration of the component.</returns>
        </member>
    </members>
</doc>
